pname,%HhH(10-17,distances -Public Health facility,distances -Public Health facility Less than 5 Kms Percent,distances -Public Health facility 5 Kms or More Percent,distances - Private Health Facility,distances - Private Health Facility Less than 5 Kms Percent,distances - Private Health Facility 5 Kms or More Percent,Kitchen,No Kitchen Percent,Bathroom,Make shift Bathroom Percent,No bathroom Percent,Toilet Facility,No facility bush polythene bags bucket Percent,Water Scource,Public taps Percent,Distance - Public Primary school,Distance - Public Primary school Less than 5 Kms Percent,Distance - Public Primary school 5 Kms or More Percent,pname,Tenement (Muzigo) Percent,Floor,Floor Earth Percent,Floor Rammed earth Percent,Wall,Wall Mud and pole Percent,Parish,HH poverty
BANDA,0.6,BANDA,81.5,18.5,BANDA,95.1,4.9,BANDA,42.3,BANDA,3.9,3.3,BANDA,2.4,BANDA,47.2,BANDA,94.2,5.8,BANDA,57.8,BANDA,5.3,2.3,BANDA,6.7,BANDA,1
BUGOLOBI,0.2,BUGOLOBI,95.4,4.6,BUGOLOBI,99.7,0.3,BUGOLOBI,6.9,BUGOLOBI,2.3,0.5,BUGOLOBI,0,BUGOLOBI,12,BUGOLOBI,99,1,BUGOLOBI,8.8,BUGOLOBI,5.6,1.9,BUGOLOBI,1.3,BUGOLOBI,0.43
BUKASA,0.6,BUKASA,95,5,BUKASA,96,4,BUKASA,38,BUKASA,4.4,5.1,BUKASA,6,BUKASA,25,BUKASA,93.3,6.7,BUKASA,55.2,BUKASA,4.7,3.1,BUKASA,4.3,BUKASA,1.04
BUKESA,0.7,BUKESA,98.4,1.6,BUKESA,98.6,1.4,BUKESA,45.6,BUKESA,0.1,0.3,BUKESA,0,BUKESA,36.4,BUKESA,97.8,2.2,BUKESA,53,BUKESA,1.2,1,BUKESA,1,BUKESA,0.39
BUKOTO I,0.3,BUKOTO I,83.7,16.3,BUKOTO I,95.1,4.9,BUKOTO I,43.7,BUKOTO I,1.7,0.5,BUKOTO I,0.1,BUKOTO I,37.9,BUKOTO I,91.9,8.1,BUKOTO I,51,BUKOTO I,1.6,0.9,BUKOTO I,0.8,BUKOTO I,0.35
BUKOTO II,0.4,BUKOTO II,65.2,34.8,BUKOTO II,89.4,10.6,BUKOTO II,28.4,BUKOTO II,0.8,0.6,BUKOTO II,0.1,BUKOTO II,28.6,BUKOTO II,92.2,7.8,BUKOTO II,44.9,BUKOTO II,1.7,1.1,BUKOTO II,0.3,BUKOTO II,0.32
BUSEGA,0.4,BUSEGA,52,48,BUSEGA,84.1,15.9,BUSEGA,44.9,BUSEGA,0.8,0.5,BUSEGA,0.1,BUSEGA,25.6,BUSEGA,90.1,9.9,BUSEGA,55.6,BUSEGA,2.2,1.1,BUSEGA,0.4,BUSEGA,0.38
BUTABIKA,0.5,BUTABIKA,95.4,4.6,BUTABIKA,97,3,BUTABIKA,41.8,BUTABIKA,2.6,2,BUTABIKA,0.3,BUTABIKA,40.1,BUTABIKA,97.9,2.1,BUTABIKA,49.3,BUTABIKA,5.6,2.9,BUTABIKA,3.9,BUTABIKA,0.63
BUZIGA,0.4,BUZIGA,61.2,38.8,BUZIGA,73.5,26.5,BUZIGA,36.9,BUZIGA,1.1,1,BUZIGA,0.2,BUZIGA,21.6,BUZIGA,80.9,19.1,BUZIGA,35.9,BUZIGA,2.6,2.4,BUZIGA,0.9,BUZIGA,0.51
BWAISE I,0.8,BWAISE I,83.8,16.2,BWAISE I,92.8,7.2,BWAISE I,53.7,BWAISE I,1.3,1.4,BWAISE I,0.5,BWAISE I,54.9,BWAISE I,85.4,14.6,BWAISE I,60.1,BWAISE I,3.4,0.8,BWAISE I,2.2,BWAISE I,0.52
BWAISE II,0.6,BWAISE II,92,8,BWAISE II,95.8,4.2,BWAISE II,52.2,BWAISE II,2.1,0.5,BWAISE II,0.1,BWAISE II,49.9,BWAISE II,93.3,6.7,BWAISE II,67.9,BWAISE II,2.7,1.1,BWAISE II,1.8,BWAISE II,0.46
BWAISE III,0.8,BWAISE III,93.9,6.1,BWAISE III,97.2,2.8,BWAISE III,43,BWAISE III,3.4,0.9,BWAISE III,0.2,BWAISE III,30,BWAISE III,94.8,5.2,BWAISE III,71.7,BWAISE III,8.3,1.1,BWAISE III,0.6,BWAISE III,0.68
CIVIC CENTRE,0,CIVIC CENTRE,97.5,2.5,CIVIC CENTRE,98.1,1.9,CIVIC CENTRE,6.8,CIVIC CENTRE,3.7,0,CIVIC CENTRE,0.6,CIVIC CENTRE,6.8,CIVIC CENTRE,97.5,2.5,CIVIC CENTRE,3.7,CIVIC CENTRE,1.2,1.2,CIVIC CENTRE,0,CIVIC CENTRE,0.13
GGABA,0.6,GGABA,55,45,GGABA,83.1,16.9,GGABA,43.5,GGABA,0.9,1.9,GGABA,1,GGABA,40,GGABA,89.9,10.1,GGABA,47.7,GGABA,3.6,3.1,GGABA,2.8,GGABA,0.56
INDUSTRIAL AREA,0,INDUSTRIAL AREA,88.8,11.2,INDUSTRIAL AREA,86.9,13.1,INDUSTRIAL AREA,17.4,INDUSTRIAL AREA,4.6,34,INDUSTRIAL AREA,10.4,INDUSTRIAL AREA,72.2,INDUSTRIAL AREA,87.3,12.7,INDUSTRIAL AREA,57.1,INDUSTRIAL AREA,28.2,11.2,INDUSTRIAL AREA,57.1,INDUSTRIAL AREA,1.46
ITEK,0,ITEK,100,0,ITEK,100,0,ITEK,66.7,ITEK,0,0,ITEK,0,ITEK,33.3,ITEK,100,0,ITEK,0,ITEK,0,0,ITEK,0,ITEK,1.13
KABALAGALA,0.3,KABALAGALA,61.9,38.1,KABALAGALA,89.1,10.9,KABALAGALA,52.7,KABALAGALA,1.9,0.6,KABALAGALA,1,KABALAGALA,55.3,KABALAGALA,84.8,15.2,KABALAGALA,70.1,KABALAGALA,4.8,2.6,KABALAGALA,6.7,KABALAGALA,0.52
KABOWA,0.4,KABOWA,93.4,6.6,KABOWA,96.8,3.2,KABOWA,53.2,KABOWA,0.8,0.9,KABOWA,0.2,KABOWA,38.8,KABOWA,94.2,5.8,KABOWA,58.2,KABOWA,1.2,0.8,KABOWA,0.1,KABOWA,0.44
KAGUGUBE,1,KAGUGUBE,82.6,17.4,KAGUGUBE,98.1,1.9,KAGUGUBE,39.6,KAGUGUBE,1.2,1.5,KAGUGUBE,0.4,KAGUGUBE,37.5,KAGUGUBE,93.8,6.3,KAGUGUBE,60,KAGUGUBE,7.7,2,KAGUGUBE,11.8,KAGUGUBE,0.89
KAMWOKYA I,0.4,KAMWOKYA I,99.1,0.9,KAMWOKYA I,90.5,9.5,KAMWOKYA I,6.5,KAMWOKYA I,3.2,0.4,KAMWOKYA I,0.2,KAMWOKYA I,38.4,KAMWOKYA I,93.5,6.5,KAMWOKYA I,6.9,KAMWOKYA I,1.7,2.4,KAMWOKYA I,1.3,KAMWOKYA I,1.08
KAMWOKYA II,0.7,KAMWOKYA II,96,4,KAMWOKYA II,99.3,0.7,KAMWOKYA II,55.1,KAMWOKYA II,1.4,1.1,KAMWOKYA II,0.1,KAMWOKYA II,56.1,KAMWOKYA II,99.1,0.9,KAMWOKYA II,73.7,KAMWOKYA II,3.9,1.8,KAMWOKYA II,4.9,KAMWOKYA II,0.36
KANSANGA,0.6,KANSANGA,74.5,25.5,KANSANGA,95.6,4.4,KANSANGA,38.3,KANSANGA,0.8,0.3,KANSANGA,0.1,KANSANGA,17.9,KANSANGA,97,3,KANSANGA,54.9,KANSANGA,1.5,1.5,KANSANGA,0.3,KANSANGA,0.46
KANYANYA,0.5,KANYANYA,78.8,21.2,KANYANYA,88.2,11.8,KANYANYA,39,KANYANYA,1.1,0.6,KANYANYA,*,KANYANYA,36.8,KANYANYA,86.5,13.5,KANYANYA,48.4,KANYANYA,1.4,2,KANYANYA,0.3,KANYANYA,0.51
KASUBI,0.6,KASUBI,94.6,5.4,KASUBI,95.9,4.1,KASUBI,56.6,KASUBI,0.8,0.7,KASUBI,0.1,KASUBI,39,KASUBI,95.6,4.4,KASUBI,69.3,KASUBI,1.9,0.9,KASUBI,0.8,KASUBI,0.42
KATWE I,0.7,KATWE I,82.5,17.5,KATWE I,85.2,14.8,KATWE I,60.8,KATWE I,1.8,6.4,KATWE I,0.2,KATWE I,60.7,KATWE I,82.9,17.1,KATWE I,69.9,KATWE I,3.8,2.8,KATWE I,1.3,KATWE I,1.12
KATWE II,0.7,KATWE II,91.3,8.7,KATWE II,96.6,3.4,KATWE II,61.7,KATWE II,8.3,3.8,KATWE II,0.6,KATWE II,64,KATWE II,92.8,7.2,KATWE II,73.3,KATWE II,9.3,4.2,KATWE II,12.8,KATWE II,1.12
KAWEMPE I,0.6,KAWEMPE I,85.9,14.1,KAWEMPE I,94.4,5.6,KAWEMPE I,49.3,KAWEMPE I,0.8,0.5,KAWEMPE I,0.1,KAWEMPE I,33.6,KAWEMPE I,93.6,6.4,KAWEMPE I,52.5,KAWEMPE I,1.7,1.6,KAWEMPE I,0.6,KAWEMPE I,0.44
KAWEMPE II,0.5,KAWEMPE II,72.9,27.1,KAWEMPE II,92.9,7.1,KAWEMPE II,39.4,KAWEMPE II,1,0.7,KAWEMPE II,0.1,KAWEMPE II,51.8,KAWEMPE II,93,7,KAWEMPE II,54.3,KAWEMPE II,3.2,3,KAWEMPE II,0.6,KAWEMPE II,0.47
KAZO,0.6,KAZO ANGOLA,84.8,15.2,KAZO ANGOLA,93.9,6.1,KAZO ANGOLA,47.7,KAZO ANGOLA,1.6,0.7,KAZO ANGOLA,0.1,KAZO ANGOLA,32.4,KAZO ANGOLA,93.7,6.3,KAZO ANGOLA,53.8,KAZO ANGOLA,2.2,1.4,KAZO ANGOLA,0.8,KAZO,0.56
KIBULI,0.4,KIBULI,91.2,8.8,KIBULI,97.5,2.5,KIBULI,52.4,KIBULI,0.9,1.3,KIBULI,0.3,KIBULI,58.7,KIBULI,98.4,1.6,KIBULI,64.4,KIBULI,5.2,2.2,KIBULI,8.2,KIBULI,0.71
KIBUYE I,0.8,KIBUYE I,72,28,KIBUYE I,96.7,3.3,KIBUYE I,56.9,KIBUYE I,1,0.7,KIBUYE I,0.7,KIBUYE I,46,KIBUYE I,94.2,5.8,KIBUYE I,69.4,KIBUYE I,1.7,0.9,KIBUYE I,0.3,KIBUYE I,0.54
KIBUYE II,0.3,KIBUYE II,77.4,22.6,KIBUYE II,90.5,9.5,KIBUYE II,50.5,KIBUYE II,1.4,1.1,KIBUYE II,0.3,KIBUYE II,42.2,KIBUYE II,87.2,12.8,KIBUYE II,65.3,KIBUYE II,1.8,0.7,KIBUYE II,0.8,KIBUYE II,0.42
KIKAAYA,0.5,KIKAAYA,66.4,33.6,KIKAAYA,88.3,11.7,KIKAAYA,35.4,KIKAAYA,0.9,0.5,KIKAAYA,0.1,KIKAAYA,28.8,KIKAAYA,81.7,18.3,KIKAAYA,48.3,KIKAAYA,2.2,1.1,KIKAAYA,0.3,KIKAAYA,0.32
KISENYI I,1.5,KISENYI I,100,0,KISENYI I,100,0,KISENYI I,34.4,KISENYI I,16,2.1,KISENYI I,0,KISENYI I,37.4,KISENYI I,100,0,KISENYI I,39.6,KISENYI I,0.9,0.6,KISENYI I,0.3,KISENYI I,2.22
KISENYI II,1.1,KISENYI II,95.3,4.7,KISENYI II,95.3,4.7,KISENYI II,46,KISENYI II,1.5,1.3,KISENYI II,0.2,KISENYI II,42.8,KISENYI II,96.5,3.5,KISENYI II,61,KISENYI II,6.4,2.9,KISENYI II,2.1,KISENYI II,1.35
KISENYI III,1.2,KISENYI III,98.2,1.8,KISENYI III,97.1,2.9,KISENYI III,58.9,KISENYI III,2.1,3.2,KISENYI III,0.8,KISENYI III,50.2,KISENYI III,98.7,1.3,KISENYI III,77.7,KISENYI III,10.5,1.4,KISENYI III,7.4,KISENYI III,1.04
KISUGU,0.6,KISUGU,96.1,3.9,KISUGU,97.7,2.3,KISUGU,45.6,KISUGU,2.5,2.1,KISUGU,0.2,KISUGU,32.9,KISUGU,95.4,4.6,KISUGU,56.1,KISUGU,3.9,1.9,KISUGU,4.5,KISUGU,0.94
KISWA,0.6,KISWA,99.5,0.5,KISWA,99.7,0.3,KISWA,29.8,KISWA,2.5,0.9,KISWA,0.1,KISWA,29.2,KISWA,99.6,0.4,KISWA,20.2,KISWA,3.7,1.4,KISWA,2.9,KISWA,0.79
KIWATULE,0.4,KIWATULE,67.2,32.8,KIWATULE,93.5,6.5,KIWATULE,29.4,KIWATULE,1,0.2,KIWATULE,0,KIWATULE,23.4,KIWATULE,93.4,6.6,KIWATULE,33.8,KIWATULE,2.2,1.2,KIWATULE,0.5,KIWATULE,0.35
KOLOLO I,0,KOLOLO I,99.6,0.4,KOLOLO I,100,0,KOLOLO I,10.9,KOLOLO I,0.4,0,KOLOLO I,0,KOLOLO I,12.1,KOLOLO I,99.6,0.4,KOLOLO I,2.4,KOLOLO I,0,2,KOLOLO I,0,KOLOLO I,0.32
KOLOLO II,0,KOLOLO II,88.8,11.2,KOLOLO II,93.8,6.2,KOLOLO II,9,KOLOLO II,1.6,0.3,KOLOLO II,0,KOLOLO II,28.3,KOLOLO II,90.4,9.6,KOLOLO II,4,KOLOLO II,6.8,4,KOLOLO II,0,KOLOLO II,1.07
KOLOLO III,0,KOLOLO III,100,0,KOLOLO III,100,0,KOLOLO III,10.8,KOLOLO III,0.6,0,KOLOLO III,0,KOLOLO III,14.7,KOLOLO III,97.6,2.4,KOLOLO III,0.9,KOLOLO III,0.9,1.2,KOLOLO III,1.2,KOLOLO III,0.89
KOLOLO IV,0.2,KOLOLO IV,91.6,8.4,KOLOLO IV,98.7,1.3,KOLOLO IV,5.7,KOLOLO IV,0.4,0.4,KOLOLO IV,0,KOLOLO IV,34.5,KOLOLO IV,95.6,4.4,KOLOLO IV,14.3,KOLOLO IV,3.7,8.1,KOLOLO IV,0.6,KOLOLO IV,3.27
KOMAMBOGA,0.7,KOMAMBOGA,84.2,15.8,KOMAMBOGA,92.7,7.3,KOMAMBOGA,26.1,KOMAMBOGA,1.3,0.4,KOMAMBOGA,0,KOMAMBOGA,33.2,KOMAMBOGA,87.4,12.6,KOMAMBOGA,43.8,KOMAMBOGA,2.6,2.4,KOMAMBOGA,0.5,KOMAMBOGA,0.42
KYAMBOGO,0.3,KYAMBOGO,76.3,23.7,KYAMBOGO,93,7,KYAMBOGO,43.4,KYAMBOGO,3,0.2,KYAMBOGO,0.2,KYAMBOGO,21.4,KYAMBOGO,94.6,5.4,KYAMBOGO,47.6,KYAMBOGO,0.3,0.3,KYAMBOGO,0,KYAMBOGO,0.11
KYANJA,0.4,KYANJA,62.4,37.6,KYANJA,87.8,12.2,KYANJA,30.2,KYANJA,1.5,0.5,KYANJA,0.1,KYANJA,24.8,KYANJA,86.7,13.3,KYANJA,40,KYANJA,2.6,1.6,KYANJA,0.5,KYANJA,0.31
KYEBANDO,0.5,KYEBANDO,87.4,12.6,KYEBANDO,91.1,8.9,KYEBANDO,42.4,KYEBANDO,1,0.7,KYEBANDO,0.1,KYEBANDO,33.8,KYEBANDO,90.5,9.5,KYEBANDO,57.4,KYEBANDO,2.1,1.5,KYEBANDO,0.7,KYEBANDO,0.62
LUBAGA,0.5,LUBAGA,70,30,LUBAGA,87.9,12.1,LUBAGA,41.3,LUBAGA,1.2,0.7,LUBAGA,0.1,LUBAGA,30.8,LUBAGA,85.1,14.9,LUBAGA,55.6,LUBAGA,0.8,1.4,LUBAGA,0.5,LUBAGA,0.38
LUBYA,0.4,LUBYA,76,24,LUBYA,94.4,5.6,LUBYA,45.6,LUBYA,0.9,0.6,LUBYA,0.1,LUBYA,28.6,LUBYA,89.2,10.8,LUBYA,62.3,LUBYA,2.3,1.2,LUBYA,0.2,LUBYA,0.46
LUKULI,0.5,LUKULI,61.8,38.2,LUKULI,89.3,10.7,LUKULI,38.1,LUKULI,2.2,0.6,LUKULI,0.1,LUKULI,35.8,LUKULI,82.1,17.9,LUKULI,48.9,LUKULI,3.3,1.2,LUKULI,0.4,LUKULI,0.43
LUNGUJJA,0.5,LUNGUJJA,74.5,25.5,LUNGUJJA,92.9,7.1,LUNGUJJA,42,LUNGUJJA,1.1,0.5,LUNGUJJA,0.1,LUNGUJJA,26.2,LUNGUJJA,93.9,6.1,LUNGUJJA,56.6,LUNGUJJA,2.5,0.9,LUNGUJJA,0.7,LUNGUJJA,0.37
LUWAFU,0.5,LUWAFU,73.1,26.9,LUWAFU,90.6,9.4,LUWAFU,31.7,LUWAFU,1.5,0.4,LUWAFU,0.1,LUWAFU,38.6,LUWAFU,89.5,10.5,LUWAFU,57,LUWAFU,1.3,1,LUWAFU,0.2,LUWAFU,0.44
LUZIRA,0.4,LUZIRA,96.6,3.4,LUZIRA,97.9,2.1,LUZIRA,39.3,LUZIRA,2.1,4,LUZIRA,0.2,LUZIRA,50.7,LUZIRA,98.5,1.5,LUZIRA,55.3,LUZIRA,5.2,3.8,LUZIRA,6.8,LUZIRA,0.64
LUZIRA PRISONS,0.3,LUZIRA PRISONS,97.9,2.1,LUZIRA PRISONS,98.3,1.7,LUZIRA PRISONS,0.2,LUZIRA PRISONS,7.2,1,LUZIRA PRISONS,0.1,LUZIRA PRISONS,58.9,LUZIRA PRISONS,99.7,0.3,LUZIRA PRISONS,11.7,LUZIRA PRISONS,0.7,0.5,LUZIRA PRISONS,1.1,LUZIRA PRISONS,11.98
MAKERERE I,0.5,MAKERERE I,96,4,MAKERERE I,96.6,3.4,MAKERERE I,37,MAKERERE I,1.3,0.6,MAKERERE I,0.1,MAKERERE I,29.1,MAKERERE I,97.5,2.5,MAKERERE I,50.5,MAKERERE I,3.2,1.3,MAKERERE I,4.4,MAKERERE I,0.73
MAKERERE II,0.5,MAKERERE II,94,6,MAKERERE II,95.3,4.7,MAKERERE II,40.3,MAKERERE II,0.7,0.9,MAKERERE II,0.2,MAKERERE II,23.8,MAKERERE II,95.2,4.8,MAKERERE II,53.3,MAKERERE II,2.5,1.2,MAKERERE II,0.8,MAKERERE II,0.68
MAKERERE III,1,MAKERERE III,86.9,13.1,MAKERERE III,91.3,8.7,MAKERERE III,54.6,MAKERERE III,4.4,3,MAKERERE III,0.5,MAKERERE III,57.1,MAKERERE III,89.1,10.9,MAKERERE III,75.3,MAKERERE III,8.5,2.5,MAKERERE III,3.5,MAKERERE III,0.91
MAKERERE UNIVERSITY,0.3,MAKERERE UNIVERSITY,92.8,7.2,MAKERERE UNIVERSITY,93.2,6.8,MAKERERE UNIVERSITY,19.3,MAKERERE UNIVERSITY,0.9,0.5,MAKERERE UNIVERSITY,0,MAKERERE UNIVERSITY,26.5,MAKERERE UNIVERSITY,92.6,7.4,MAKERERE UNIVERSITY,12.4,MAKERERE UNIVERSITY,0.3,0.6,MAKERERE UNIVERSITY,0,MAKERERE UNIVERSITY,0.55
MAKINDYE I,0.6,MAKINDYE I,73.8,26.2,MAKINDYE I,94.7,5.3,MAKINDYE I,48.8,MAKINDYE I,0.9,0.5,MAKINDYE I,0.1,MAKINDYE I,37.6,MAKINDYE I,94.7,5.3,MAKINDYE I,61.5,MAKINDYE I,1.8,1.2,MAKINDYE I,0.5,MAKINDYE I,0.46
MAKINDYE II,0.6,MAKINDYE II,76.3,23.7,MAKINDYE II,93.4,6.6,MAKINDYE II,41,MAKINDYE II,1.1,0.4,MAKINDYE II,*,MAKINDYE II,40.7,MAKINDYE II,92.4,7.6,MAKINDYE II,61.6,MAKINDYE II,1.1,0.5,MAKINDYE II,0.4,MAKINDYE II,0.37
MBUYA I,0.6,MBUYA I,83.1,16.9,MBUYA I,96.1,3.9,MBUYA I,55.4,MBUYA I,3.1,1.6,MBUYA I,0.8,MBUYA I,39.4,MBUYA I,96.3,3.7,MBUYA I,71.2,MBUYA I,6.7,3.7,MBUYA I,3.7,MBUYA I,0.91
MBUYA II,0.4,MBUYA II,94.5,5.5,MBUYA II,94.1,5.9,MBUYA II,37.4,MBUYA II,3.6,1.3,MBUYA II,0.1,MBUYA II,35.7,MBUYA II,92.2,7.8,MBUYA II,52.7,MBUYA II,3,1.3,MBUYA II,1.8,MBUYA II,0.67
MENGO,0.5,MENGO,95.7,4.3,MENGO,98.2,1.8,MENGO,61.3,MENGO,0.5,0.4,MENGO,0.3,MENGO,64.8,MENGO,98.3,1.7,MENGO,70.8,MENGO,4.3,2.5,MENGO,3.9,MENGO,0.47
MPERERWE,0.9,MPERERWE,80,20,MPERERWE,89.2,10.8,MPERERWE,31.5,MPERERWE,0.9,0.3,MPERERWE,0.1,MPERERWE,37.4,MPERERWE,85.1,14.9,MPERERWE,45.1,MPERERWE,4.6,1.4,MPERERWE,0.3,MPERERWE,0.65
MULAGO I,1,MULAGO I,91.1,8.9,MULAGO I,96.3,3.7,MULAGO I,23.1,MULAGO I,1,4.8,MULAGO I,0.6,MULAGO I,31.6,MULAGO I,97.1,2.9,MULAGO I,19.9,MULAGO I,3.8,3.4,MULAGO I,5,MULAGO I,0.41
MULAGO II,0.9,MULAGO II,98,2,MULAGO II,98.4,1.6,MULAGO II,59,MULAGO II,1.4,2.1,MULAGO II,0.1,MULAGO II,63.3,MULAGO II,97.8,2.2,MULAGO II,77.1,MULAGO II,7,3.2,MULAGO II,15.9,MULAGO II,0.71
MULAGO III,0.6,MULAGO III,88.7,11.3,MULAGO III,94.1,5.9,MULAGO III,50.1,MULAGO III,1.5,0.9,MULAGO III,0.2,MULAGO III,36.3,MULAGO III,92.9,7.1,MULAGO III,72.8,MULAGO III,4.6,2.2,MULAGO III,5.6,MULAGO III,0.63
MUTUNDWE,0.4,MUTUNDWE,89.7,10.3,MUTUNDWE,91.1,8.9,MUTUNDWE,47.7,MUTUNDWE,1,0.5,MUTUNDWE,0.1,MUTUNDWE,33.3,MUTUNDWE,90.4,9.6,MUTUNDWE,60.3,MUTUNDWE,2.1,0.9,MUTUNDWE,0.3,MUTUNDWE,0.43
MUTUNGO,0.4,MUTUNGO,90.2,9.8,MUTUNGO,94.8,5.2,MUTUNGO,37.8,MUTUNGO,1.5,0.7,MUTUNGO,0.2,MUTUNGO,35,MUTUNGO,91.7,8.3,MUTUNGO,52.9,MUTUNGO,2.4,1.5,MUTUNGO,2.4,MUTUNGO,0.37
NABISUNSA,0,NABISUNSA,40.6,59.4,NABISUNSA,100,0,NABISUNSA,20.8,NABISUNSA,4.7,8.5,NABISUNSA,0,NABISUNSA,49.1,NABISUNSA,100,0,NABISUNSA,18.9,NABISUNSA,13.2,2.8,NABISUNSA,0,NABISUNSA,0.76
NAGURU I,0.2,NAGURU I,95.6,4.4,NAGURU I,92.3,7.7,NAGURU I,0.6,NAGURU I,28.2,0.2,NAGURU I,0.1,NAGURU I,64.8,NAGURU I,92.6,7.4,NAGURU I,3.2,NAGURU I,2.3,4.1,NAGURU I,13.8,NAGURU I,11.83
NAGURU II,0.4,NAGURU II,96.8,3.2,NAGURU II,94.5,5.5,NAGURU II,32.8,NAGURU II,3.4,1.3,NAGURU II,0.2,NAGURU II,49.4,NAGURU II,97.9,2.1,NAGURU II,51.8,NAGURU II,4.9,3.4,NAGURU II,9.5,NAGURU II,1.79
NAJJANANKUMBI I,0.8,NAJJANANKUMBI I,66.5,33.5,NAJJANANKUMBI I,89.4,10.6,NAJJANANKUMBI I,44.3,NAJJANANKUMBI I,1,0.2,NAJJANANKUMBI I,*,NAJJANANKUMBI I,23.6,NAJJANANKUMBI I,72.3,27.7,NAJJANANKUMBI I,55.9,NAJJANANKUMBI I,0.5,0.6,NAJJANANKUMBI I,0.2,NAJJANANKUMBI I,0.26
NAJJANANKUMBI II,0.6,NAJJANANKUMBI II,75.8,24.2,NAJJANANKUMBI II,89.1,10.9,NAJJANANKUMBI II,37.4,NAJJANANKUMBI II,0.3,0.2,NAJJANANKUMBI II,0,NAJJANANKUMBI II,37.7,NAJJANANKUMBI II,78.6,21.4,NAJJANANKUMBI II,52.6,NAJJANANKUMBI II,0.3,0.9,NAJJANANKUMBI II,0.1,NAJJANANKUMBI II,0.35
NAKASERO I,0.8,NAKASERO I,98.8,1.2,NAKASERO I,97.6,2.4,NAKASERO I,8,NAKASERO I,0,1.2,NAKASERO I,0,NAKASERO I,9.6,NAKASERO I,97.6,2.4,NAKASERO I,13.2,NAKASERO I,0,1.2,NAKASERO I,0,NAKASERO I,0.4
NAKASERO II,0,NAKASERO II,92.9,7.1,NAKASERO II,98.5,1.5,NAKASERO II,13.4,NAKASERO II,3.2,0.9,NAKASERO II,0.6,NAKASERO II,9.3,NAKASERO II,99.3,0.7,NAKASERO II,8,NAKASERO II,1.1,1.3,NAKASERO II,0,NAKASERO II,1.1
NAKASERO III,0.6,NAKASERO III,98.6,1.4,NAKASERO III,100,0,NAKASERO III,21.8,NAKASERO III,0.8,0.6,NAKASERO III,0,NAKASERO III,40.6,NAKASERO III,100,0,NAKASERO III,15.4,NAKASERO III,0.6,0,NAKASERO III,0,NAKASERO III,0.18
NAKASERO IV,0,NAKASERO IV,96.5,3.5,NAKASERO IV,98.4,1.6,NAKASERO IV,14.2,NAKASERO IV,0.6,0.3,NAKASERO IV,0,NAKASERO IV,10,NAKASERO IV,97.7,2.3,NAKASERO IV,2.9,NAKASERO IV,0,0,NAKASERO IV,0,NAKASERO IV,0.28
NAKAWA,0.3,NAKAWA,99.6,0.4,NAKAWA,99.7,0.3,NAKAWA,63.5,NAKAWA,0.9,0.6,NAKAWA,0,NAKAWA,0,NAKAWA,99.7,0.3,NAKAWA,62.8,NAKAWA,1.6,2,NAKAWA,1.3,NAKAWA,1.49
NAKAWA INSTITUTE,0,NAKAWA INSTITUTE,100,0,NAKAWA INSTITUTE,88.1,11.9,NAKAWA INSTITUTE,4.8,NAKAWA INSTITUTE,0,2.4,NAKAWA INSTITUTE,0,NAKAWA INSTITUTE,23.8,NAKAWA INSTITUTE,90.5,9.5,NAKAWA INSTITUTE,9.5,NAKAWA INSTITUTE,4.8,2.4,NAKAWA INSTITUTE,0,NAKAWA INSTITUTION,1.36
NAKIVUBO SHAURIYAAKO,0.7,NAKIVUBO SHAURIYAAKO,98.8,1.2,NAKIVUBO SHAURIYAAKO,97.3,2.7,NAKIVUBO SHAURIYAAKO,7.9,NAKIVUBO SHAURIYAAKO,0.7,0.7,NAKIVUBO SHAURIYAAKO,0,NAKIVUBO SHAURIYAAKO,3.2,NAKIVUBO SHAURIYAAKO,100,0,NAKIVUBO SHAURIYAAKO,1.2,NAKIVUBO SHAURIYAAKO,0.7,1,NAKIVUBO SHAURIYAAKO,0,NAKIVUBO SHAURIYAAKO,0.17
NAMIREMBE,0.7,NAMIREMBE,93.6,6.4,NAMIREMBE,98.2,1.8,NAMIREMBE,32.5,NAMIREMBE,0.9,0.4,NAMIREMBE,0.1,NAMIREMBE,31.1,NAMIREMBE,97.1,2.9,NAMIREMBE,49.7,NAMIREMBE,3.7,1.2,NAMIREMBE,2.4,NAMIREMBE,0.41
NANKULABYE I,0.7,NANKULABYE I,96.8,3.2,NANKULABYE I,99.5,0.5,NANKULABYE I,57.2,NANKULABYE I,1.5,1.6,NANKULABYE I,0.1,NANKULABYE I,47.7,NANKULABYE I,99,1,NANKULABYE I,71.3,NANKULABYE I,3.5,1.7,NANKULABYE I,3.8,NANKULABYE,0.47
NATEETE,0.8,NATEETE,57.2,42.8,NATEETE,92.4,7.6,NATEETE,50.3,NATEETE,1.1,1,NATEETE,0.1,NATEETE,40.9,NATEETE,92.6,7.4,NATEETE,54.6,NATEETE,2.8,1.1,NATEETE,0.5,NATEETE,0.39
NDEEBA,0.5,NDEEBA,70.5,29.5,NDEEBA,86.9,13.1,NDEEBA,71.2,NDEEBA,2.7,1.1,NDEEBA,0.2,NDEEBA,63.1,NDEEBA,80.9,19.1,NDEEBA,63.6,NDEEBA,5,1.5,NDEEBA,0.8,NDEEBA,0.74
NSAMBYA CENTRAL,0.6,NSAMBYA CENTRAL,72.4,27.6,NSAMBYA CENTRAL,92.2,7.8,NSAMBYA CENTRAL,55.7,NSAMBYA CENTRAL,2.9,0.7,NSAMBYA CENTRAL,*,NSAMBYA CENTRAL,47.7,NSAMBYA CENTRAL,90.5,9.5,NSAMBYA CENTRAL,67,NSAMBYA CENTRAL,4,1.7,NSAMBYA CENTRAL,1,NSAMBYA CENTRAL,0.64
NSAMBYA ESTATE,0,NSAMBYA ESTATE,73.8,26.2,NSAMBYA ESTATE,96.9,3.1,NSAMBYA ESTATE,5.4,NSAMBYA ESTATE,0,0,NSAMBYA ESTATE,0,NSAMBYA ESTATE,4.6,NSAMBYA ESTATE,97.7,2.3,NSAMBYA ESTATE,3.1,NSAMBYA ESTATE,0,0,NSAMBYA ESTATE,0,NSAMBYA ESTATE,0.04
NSAMBYA POLICE BARRACKS,0,NSAMBYA POLICE BARRACKS,98.6,1.4,NSAMBYA POLICE BARRACKS,98.4,1.6,NSAMBYA POLICE BARRACKS,1.3,NSAMBYA POLICE BARRACKS,5.9,12.1,NSAMBYA POLICE BARRACKS,0,NSAMBYA POLICE BARRACKS,34.8,NSAMBYA POLICE BARRACKS,96.2,3.8,NSAMBYA POLICE BARRACKS,21.6,NSAMBYA POLICE BARRACKS,1.6,0.4,NSAMBYA POLICE BARRACKS,0.2,NSAMBYA POLICE BARRACKS,
NSAMBYA RAILWAY,0,NSAMBYA RAILWAY,96,4,NSAMBYA RAILWAY,96,4,NSAMBYA RAILWAY,30,NSAMBYA RAILWAY,16,0,NSAMBYA RAILWAY,0,NSAMBYA RAILWAY,12,NSAMBYA RAILWAY,96,4,NSAMBYA RAILWAY,2,NSAMBYA RAILWAY,0,0,NSAMBYA RAILWAY,0,NSAMBYA RAILWAY,0.22
NTINDA,0.3,NTINDA,77.8,22.2,NTINDA,95.4,4.6,NTINDA,17.6,NTINDA,1.4,0.2,NTINDA,0,NTINDA,10,NTINDA,98.7,1.3,NTINDA,20.4,NTINDA,0.7,0.9,NTINDA,0.3,NTINDA,0.11
OLD KAMPALA,0.3,OLD KAMPALA,97.2,2.8,OLD KAMPALA,97,3,OLD KAMPALA,16.7,OLD KAMPALA,1.7,8.7,OLD KAMPALA,0,OLD KAMPALA,9,OLD KAMPALA,98.8,1.2,OLD KAMPALA,9.7,OLD KAMPALA,1.7,0.7,OLD KAMPALA,0.2,OLD KAMPALA,0.65
SALAAMA,0.3,SALAAMA,72.5,27.5,SALAAMA,66.6,33.4,SALAAMA,38.6,SALAAMA,1.7,0.6,SALAAMA,0.2,SALAAMA,25,SALAAMA,90.1,9.9,SALAAMA,52.1,SALAAMA,2.4,1,SALAAMA,0.5,SALAAMA,0.4
UPK,0,UPK,80.3,19.7,UPK,94.2,5.8,UPK,27.7,UPK,4.6,1.2,UPK,0,UPK,20.2,UPK,99.4,0.6,UPK,19.1,UPK,16.8,11.6,UPK,24.9,UPK,3.48
UPPER ESTATE,0.3,UPPER ESTATE,31.9,68.1,UPPER ESTATE,72.7,27.3,UPPER ESTATE,19.6,UPPER ESTATE,2.6,0.5,UPPER ESTATE,0.2,UPPER ESTATE,18,UPPER ESTATE,78.7,21.3,UPPER ESTATE,27.8,UPPER ESTATE,7.7,2.2,UPPER ESTATE,0.3,UPPER ESTATE,0.32
WABIGALO,0.7,WABIGALO,86.2,13.8,WABIGALO,94.4,5.6,WABIGALO,51.5,WABIGALO,3.7,1.3,WABIGALO,0.2,WABIGALO,54.7,WABIGALO,90.5,9.5,WABIGALO,70.4,WABIGALO,3.3,3,WABIGALO,4.7,WABIGALO,0.62
WANDEGEYA,0.5,WANDEGEYA,96.2,3.8,WANDEGEYA,96.4,3.6,WANDEGEYA,44.6,WANDEGEYA,6.3,21.3,WANDEGEYA,12,WANDEGEYA,55.4,WANDEGEYA,93.3,6.7,WANDEGEYA,48,WANDEGEYA,8.5,4.5,WANDEGEYA,5.4,WANDEGEYA,2.66
